{"lr": {"model": "Logistic Regression (Clean)", "val_acc": 0.9003347860392746, "val_auc": 0.9492086175428316, "val_f1": 0.812738571101982, "test_acc": 0.9011754382083785, "test_auc": 0.948659426587492, "test_f1": 0.8140217459183037, "test_prec": 0.7676944822531672, "test_rec": 0.8662994195920899}, "rf": {"model": "Random Forest (Clean)", "val_acc": 0.9157651778274304, "val_auc": 0.9635553228289715, "val_f1": 0.8348083875632683, "test_acc": 0.9162703065430761, "test_auc": 0.9635193560916999, "test_f1": 0.8356623367225097, "test_prec": 0.8192808695405398, "test_rec": 0.8527122624093574}, "xgb": {"model": "XGBoost (Clean)", "val_acc": 0.9382858069892116, "val_auc": 0.9762680282593399, "val_f1": 0.8730334521732535, "test_acc": 0.938024024954096, "test_auc": 0.9762689655827337, "test_f1": 0.872348666074317, "test_prec": 0.8978708104052026, "test_rec": 0.8482373617285227}}